1,Julita,Annell,80
2,Brittney,Armin,31
3,Geoffry,Winship,90
4,Nickolai,Maccari,71
5,Trip,Larret,10
6,Emlen,Minchin,90
7,Zorana,Saddler,68
8,Carmelle,Butterfint,42
9,Herschel,McKerron,32
10,Hollie,Waldera,38
11,Orson,Doxey,90
12,Cathe,Poulsum,97
13,Katina,Shatliffe,84
14,Moe,Pearn,75
15,Dur,Lafuente,45
16,Margarita,Dancer,40
17,Clem,Hayle,53
18,Stephani,Brabon,22
19,Early,Duval,7
20,Cull,Whetton,70
21,Hyman,Jendrach,91
22,Tessa,Cohan,46
23,Inga,Scripture,38
24,Stafford,Kellick,11
25,Jakob,O'Gready,88
26,Veronica,D'Andrea,25
27,Hayyim,Cragell,90
28,Stevie,Paddington,34
29,Cross,Dunster,22
30,Allsun,Rospars,39
31,Susanetta,Cabbell,83
32,Kary,Thirlwell,98
33,Riordan,Breinlein,60
34,Emile,Trass,70
35,Jan,Dyer,91
36,Pebrook,Woolstenholmes,19
37,Mahalia,Pilbury,93
38,Ryann,Padmore,34
39,Franklin,Yeabsley,12
40,Sharleen,Varey,31
41,Jecho,Whitehorne,72
42,Gardener,Philipeaux,90
43,Dean,Skains,28
44,Ruggiero,Delucia,69
45,Silvio,Heningam,14
46,Vale,Faughnan,68
47,Chastity,Giovannazzi,41
48,Alric,Boanas,3
49,Arlyn,Beacock,54
50,Gerhard,Clempton,32
51,Denyse,Donan,51
52,Flossi,Rawls,40
53,Amanda,Jakubski,79
54,Gianina,Cheetham,6
55,Vanya,Restall,20
56,Pearce,Wornham,50
57,Giff,Tees,73
58,Karen,Gowdridge,83
59,Phillipe,Burgwin,28
60,Monti,Rodolf,81
61,Gennifer,Dunguy,20
62,Allison,Butterfint,42
63,Ulberto,Pitbladdo,43
64,Buiron,Dresser,16
65,Goldy,Frankema,72
66,Ariadne,Facey,67
67,Raymond,Bon,26
68,Northrop,Leeburn,78
69,Fletch,Lawlie,35
70,Oliver,Fassam,62
71,Myrtle,Hackleton,22
72,Sherlock,O'Sherin,22
73,Tallie,Penright,64
74,Gayleen,Flori,4
75,Isaak,Marcos,42
76,Isak,Cardoso,46
77,Rutledge,Atlay,37
78,Melloney,Dobie,79
79,Rosabel,Silvester,26
80,Jelene,Ramalhete,39
81,Andres,Reiglar,42
82,Carmita,Wisden,87
83,Tally,Stalley,12
84,Gloriana,Shimon,4
85,Glory,Dugdale,87
86,Clarke,Seller,57
87,Dion,Ettels,92
88,Beverlee,Plumptre,58
89,Hartley,Wadesworth,93
90,Aime,Medland,57
91,Cristal,Soldan,68
92,Nester,Wilprecht,42
93,Ethan,MacCaughan,100
94,Mitchael,Oehme,25
95,Myrtia,Sancraft,55
96,Buckie,McCathie,26
97,Berny,Gleaves,27
98,Ellynn,Norsister,15
99,Cornela,Mainson,44
100,Sheffield,Depke,14
101,Minetta,Kopps,23
102,Cindi,Leete,35
103,Riley,Benko,47
104,Rozelle,Wapol,100
105,Nev,Castilla,83
106,Noak,Knight,32
107,Keen,Tuther,81
108,Alane,Gallemore,44
109,Urbanus,O' Dornan,3
110,Berkie,Mawtus,96
111,Cherrita,Jehan,69
112,Deborah,Stuffins,44
113,Benjy,Fairholme,46
114,Bunny,Stephenson,13
115,Gussie,MacHarg,76
116,Dale,Escala,26
117,Abner,Dunnett,59
118,Scot,Morston,89
119,Xena,MacCroary,93
120,Audry,Mauger,99
121,Morgan,Amy,34
122,Bryn,Graundisson,34
123,Abner,Orred,37
124,Shir,Boriston,18
125,Deeanne,Sinclair,19
126,Montgomery,Millsap,34
127,Burnaby,Gawler,83
128,Bridie,Lendon,2
129,Gabriel,Goman,30
130,Myrwyn,Langdridge,93
131,Ekaterina,Lowdiane,5
132,Annabell,McCormack,19
133,Lisa,Newband,14
134,Stephana,McEntagart,40
135,Roselia,MacPharlain,47
136,Waverly,D'eye,8
137,Biron,Adao,9
138,Gnni,Lunney,48
139,Corette,Petters,47
140,Rufus,Colebourne,65
141,Patrizio,Ellesworth,71
142,Geri,Wilhelmy,3
143,Adi,Plascott,37
144,Sophia,Mowday,63
145,Mathias,Desbrow,13
146,Gertie,Lowensohn,1
147,Haleigh,Matisse,88
148,Ivar,Batrip,90
149,Isabel,Mogford,16
150,Shanan,Matterdace,15
151,Fairlie,Brennon,7
152,Maddi,Cullen,58
153,Udale,Halsworth,89
154,Aime,Staves,32
155,Jecho,Prandini,71
156,Kelvin,Baxstair,34
157,Mercie,Girardet,98
158,Trefor,Jamot,26
159,Toby,Chong,42
160,Carissa,MacSporran,34
161,Teressa,Kinver,74
162,Manolo,Goward,82
163,Latia,Houselee,20
164,Yorgo,Groombridge,35
165,Claribel,Shiril,8
166,Francyne,Jouhan,33
167,Devin,Roff,8
168,Isabel,Conlaund,41
169,Amberly,Nowick,86
170,Dosi,Chisholm,48
171,Felipe,Kubiczek,71
172,Tansy,Normanvell,55
173,Dottie,Carleman,34
174,Mollie,Pasmore,60
175,Hamnet,Mattocks,62
176,Chanda,Casterot,17
177,Myrtia,Glencross,75
178,Wye,Fursland,17
179,Gavan,Uzelli,96
180,Joly,Aikett,66
181,Dallon,Dunstall,93
182,Caro,Micheli,97
183,Fey,Croizier,43
184,Legra,Moatt,53
185,Hedwig,Celier,1
186,Jedd,Edgeller,83
187,Wat,Gatfield,70
188,Mallorie,Swinglehurst,52
189,Balduin,Dracksford,90
190,Kalindi,Farryann,62
191,Ludovico,Dunphie,36
192,Bren,Currm,47
193,Gail,Giraudoux,93
194,Aliza,Westfalen,11
195,Kelsey,Dunstan,88
196,Jackelyn,Rodge,97
197,Tiertza,Brusle,36
198,Tristam,Heintzsch,25
199,Wallache,Avraham,9
200,Audry,Hensmans,34
201,Carla,Buttrick,1
202,Almira,Duley,56
203,Brannon,Baert,45
204,Filippo,Paeckmeyer,1
205,Ibby,Blow,6
206,Cash,Rammell,11
207,Pincas,Coulthart,29
208,Jarad,Phillot,83
209,Brenn,Lukas,9
210,Kevyn,Desporte,90
211,Melisande,Pugsley,98
212,Sunny,Laurenceau,80
213,Felice,Swift,29
214,Krystyna,McGraith,95
215,Gabriel,Tomlinson,55
216,Alison,McAnulty,64
217,Cynde,Dudson,9
218,Bard,Reven,55
219,Adriana,Alliberton,87
220,Elmore,Lohmeyer,18
221,Rutter,Boodle,56
222,Hy,Whales,64
223,Mile,Prestland,43
224,Leela,Varnals,36
225,Honoria,Gonnelly,37
226,Bobine,Batterham,65
227,Prince,Schollar,54
228,Othello,MacDunleavy,97
229,Thoma,Brito,61
230,Henriette,Spino,71
231,Far,Dymond,32
232,Belinda,Gotthard.sf,23
233,Lorilee,Stronack,40
234,Niall,Byrch,20
235,Karrah,Ansell,24
236,Terrye,Gobert,87
237,Lalo,Curm,8
238,Corrinne,Childs,45
239,Sherm,Hofton,38
240,Norrie,Passler,57
241,Liliane,Rawling,82
242,Ambrosio,Hazley,61
243,Ursula,Featherbie,90
244,Aryn,Calderonello,85
245,Val,Kinghorn,94
246,Grannie,Covet,13
247,Raimondo,Andriuzzi,55
248,Paulie,Crinson,53
249,Fields,Brittin,71
250,Vassili,O'Sheerin,57
251,Towny,Koenen,65
252,Cherish,Yoslowitz,59
253,Jeanie,Perring,84
254,Ryan,Andriesse,35
255,Joete,Tie,7
256,Rodger,Moisey,6
257,Kalle,Edmett,35
258,Aidan,Stowers,49
259,Verla,Alcock,78
260,Griselda,Klezmski,12
261,Kaitlyn,Phillins,84
262,Lucho,Meedendorpe,86
263,Inesita,Shemelt,51
264,Freddie,Bereford,46
265,Antin,Manvell,50
266,Fey,Ridger,13
267,Richy,Zorer,100
268,Stepha,Shorter,40
269,Terrie,Crocumbe,53
270,Guthry,Cess,56
271,Shalne,Chadwyck,39
272,Leonerd,Aggett,100
273,Ty,Sotworth,84
274,Eunice,Brydone,5
275,Terri,Berresford,6
276,Shawnee,Charlotte,52
277,Maryann,Platt,70
278,Madeline,Pechacek,12
279,Clive,Kiddell,55
280,Kathye,Essam,17
281,Riki,Griffiths,61
282,Augusto,Rodolf,78
283,Thomasa,Sollime,31
284,Andra,Shooter,6
285,Garfield,Jardine,91
286,Sherlocke,Trimble,14
287,Augie,Levermore,31
288,Alejandrina,Gilliat,65
289,Chickie,Ruecastle,55
290,Eldridge,Tribell,78
291,Clarance,Camsey,91
292,Natalee,Boyes,44
293,Georgiana,Efford,99
294,Willa,Warbrick,17
295,Grete,Crapper,99
296,Mady,Itzkovich,52
297,Retha,Trowle,21
298,Onida,Sautter,52
299,Steve,Strowther,7
300,Kaine,Piwell,13
301,Helli,Gierardi,44
302,Molly,Leeburn,3
303,Antoinette,Abramowitch,8
304,Torey,Bortolotti,10
305,Maren,Dimsdale,82
306,Ceil,Glen,17
307,Debbie,Ackerley,6
308,Dan,Speake,100
309,Sidney,Talby,73
310,Gaven,Lawday,58
311,Maddi,Jolliman,14
312,Mady,Sigfrid,10
313,Allegra,Handrick,50
314,Simona,Cansdall,9
315,Fallon,Birtonshaw,40
316,Gabbie,Patise,66
317,Kimmy,Broker,18
318,Claudie,Haugeh,95
319,Phil,Idwal Evans,10
320,Maggee,Van Waadenburg,96
321,Bord,Sim,12
322,Magdalen,Rounsefell,86
323,George,Elwill,1
324,Annissa,Piddlesden,95
325,Drona,Gosney,59
326,Mannie,Grealy,26
327,Margarete,Andriveaux,7
328,Lanni,Clements,97
329,Athene,Hebborne,53
330,Letti,Dixie,90
331,Teirtza,Camsey,67
332,Inger,Duprey,28
333,Andris,Favela,57
334,Linnea,McGillivrie,80
335,Tomasine,Rushby,40
336,Sven,Granville,25
337,Gerhardt,Pittendreigh,83
338,Vale,Pernell,1
339,Brock,Yeabsley,90
340,Syd,Timpany,43
341,Gifford,MacDonald,24
342,Bette,Long,28
343,Teodorico,Pallent,5
344,Fredek,Cobbald,28
345,Aurie,Pepon,95
346,Jarrad,Matteuzzi,46
347,Joeann,Beeken,88
348,Meade,Nutbrown,86
349,Charley,Moodey,75
350,Zebedee,Silver,56
351,Cymbre,Thormwell,67
352,Malory,Hing,2
353,Cherri,Stolze,54
354,Agnesse,Dolligon,88
355,Odelia,Ricart,22
356,Wally,Vaughan,22
357,Kendell,Arnall,51
358,Marty,Yurkiewicz,6
359,Joshua,Seeman,83
360,Hayward,Kurt,90
361,Verine,Gladding,40
362,Marilyn,Esch,4
363,Alaine,Jannex,28
364,Galina,Boddington,59
365,Frieda,Oatley,55
366,Meryl,McLardie,84
367,Jeramey,MacDiarmid,68
368,Tabbie,Ollerhad,4
369,Mischa,O'Corhane,89
370,Carroll,Blazek,55
371,Arlen,Dorton,3
372,Mathe,Loreit,32
373,Vern,Tissell,37
374,Ardelis,Janeczek,77
375,Laney,Mitchelhill,3
376,Abbott,Pugsley,74
377,Leoline,Hagwood,51
378,Melisa,Antwis,86
379,Erv,Listone,91
380,Shelton,Kamenar,12
381,Valera,Decort,91
382,Theresina,Dumphy,20
383,Dino,Faill,52
384,Hildagard,Seymer,60
385,Rabbi,Earlam,28
386,Wiatt,Pietrowski,11
387,Dalli,Card,14
388,Kinny,Besset,95
389,Nev,Cater,31
390,Huntington,Girdler,4
391,Phillie,Giffkins,82
392,Welbie,Gosalvez,48
393,Chaddy,Larrington,90
394,Uriah,Hunnicutt,55
395,Celinka,Pavey,46
396,Terra,Stuck,54
397,Clyde,Kamenar,13
398,Osborn,Mulles,45
399,Devina,Luscombe,14
400,Adriaens,Dudbridge,40
401,Rycca,Wallwork,33
402,Micky,Claricoates,30
403,Rene,Jurn,60
404,Felicdad,Huddy,72
405,Vicki,Teaser,96
406,Leta,Calverd,71
407,Fiann,Corkhill,17
408,Neille,Isherwood,75
409,Gleda,Powton,79
410,Pate,Finlayson,93
411,Albrecht,Krysztowczyk,82
412,Nickola,Grimditch,13
413,Preston,Diment,10
414,Josie,Papierz,48
415,Gabie,Cheesman,1
416,Anne-marie,Chatwood,73
417,Janet,Grimsdyke,58
418,Renado,Ruddock,13
419,Josephina,Laban,37
420,Hendrika,McElhinney,23
421,William,Darley,78
422,Giorgio,Baltzar,33
423,Mellicent,Maw,46
424,Randy,Boutcher,53
425,Kimble,Marnes,72
426,Heall,Gosling,28
427,Dillie,Kilty,84
428,Claretta,Mammatt,64
429,Robbie,Castelain,44
430,Gamaliel,Clifforth,28
431,Ronny,Symcock,44
432,Caresa,Falkner,65
433,Quincy,Koenraad,78
434,Shepherd,Pruckner,13
435,Margarethe,Maleby,72
436,Easter,Adamovitz,75
437,Harri,Sedworth,63
438,Kingsly,Sisnett,43
439,Myranda,Meindl,67
440,Simone,Dutson,33
441,Risa,Rosenshine,16
442,Rebecka,Nesterov,81
443,Jobyna,Gayle,15
444,Bird,Geard,30
445,Arri,Semeradova,67
446,Shawna,Danell,72
447,Jeanine,Curtin,96
448,Gillian,Harken,12
449,Sheridan,Scarsbrook,1
450,Keenan,Dalman,71
451,Tiffanie,Fitzharris,40
452,Julio,Valenta,26
453,Janith,Swannack,83
454,Fonsie,Butterworth,78
455,Port,Brady,27
456,Loraine,Grogono,15
457,Locke,Clericoates,3
458,Quintin,Ridpath,67
459,Winslow,Basillon,97
460,Hobey,Dowell,83
461,Thacher,Pantridge,5
462,Rudie,Riggoll,32
463,Fiona,Culley,30
464,Lind,MacIntosh,70
465,Cristie,Borzoni,27
466,Kellyann,Joppich,28
467,Drusy,Ing,98
468,Wilmer,Dowber,29
469,Dania,Pridden,1
470,Emmye,Sheehan,24
471,Lanny,Pycock,43
472,Reyna,Lerhinan,32
473,Farah,Livings,22
474,Stefa,Shenfisch,94
475,Farica,Rothman,41
476,Bertha,Ramard,27
477,Dulci,Benzie,86
478,Clarabelle,Apps,93
479,Sherwood,Coucha,3
480,Griffin,Spoure,14
481,Carlie,Moxted,87
482,Una,Gavozzi,100
483,Aliza,Joret,48
484,Tulley,Sheringham,91
485,Tommie,Pluthero,84
486,Bevvy,Sakins,59
487,Jewel,Gabb,42
488,Francyne,Breissan,52
489,Amberly,Orrice,26
490,Maison,Becconsall,1
491,Johnna,Rose,60
492,Kermit,Von Welldun,51
493,Niko,Obell,97
494,Celestyn,Deeson,5
495,Tory,Beggini,87
496,Claudio,Scarratt,57
497,Bria,Birth,94
498,Neale,Henzley,82
499,Penni,Sonley,13
500,Ursuline,Murthwaite,17
501,Dasie,Dickson,91
502,Julia,Tenpenny,94
503,Audrie,Illidge,23
504,Stormi,Kewish,40
505,Viviana,Sayse,43
506,Damara,Tyzack,61
507,Rustin,Tschirasche,59
508,Hyacinth,Wisson,21
509,Ware,Strauss,6
510,Codi,Gimber,82
511,Teodoor,Jacox,55
512,Cordy,St Ange,13
513,Vivian,Pfaffel,45
514,Devondra,Leversha,10
515,Debera,Ferro,11
516,Stormi,Kaasmann,67
517,Judith,Rexworthy,94
518,Pepito,Swains,75
519,Armand,McKerlie,11
520,Geno,Hazeup,46
521,Chantal,Dorant,92
522,Nerty,Hellicar,65
523,Christa,Mulliss,28
524,Tammi,Shawell,22
525,Humphrey,Godard,76
526,Bettye,Tilt,59
527,Wes,Surplice,94
528,Monte,Shakesby,3
529,Tommy,Crier,13
530,Hube,Semechik,33
531,Hana,Kail,25
532,Dennis,Farlane,67
533,Deny,Leythley,17
534,Valerye,Wickes,56
535,Tirrell,Arthey,21
536,Hailey,Athridge,86
537,Boycie,Allom,78
538,Jecho,Warbrick,56
539,Ardys,Batchelor,54
540,Hulda,Franses,67
541,Suellen,Delacroix,95
542,Kippar,Rawle,10
543,Cyndi,Lamar,84
544,Nicoline,Fernez,25
545,Goddard,Patrono,11
546,Jolee,Kegley,33
547,Gregorius,Kardos-Stowe,21
548,Kahaleel,Sunman,72
549,Dallis,Philippson,72
550,Sibeal,Sowrah,100
551,Tailor,Heed,62
552,Dasie,Bown,5
553,Ignazio,Hasell,28
554,Elsinore,Sirr,36
555,Cash,Tottem,1
556,Gustaf,Aleshintsev,93
557,Almeda,Iwaszkiewicz,4
558,Elysee,Jakubski,1
559,Blaire,Penhall,30
560,Rafe,Melanaphy,84
561,Noe,Canizares,82
562,Florian,Ricciardi,92
563,Carmen,Uttermare,54
564,Gerek,De Antoni,39
565,Sydelle,Strelitzki,96
566,Tobit,Torrese,26
567,Hailee,Mumm,16
568,Eddy,Melland,48
569,Toby,Wookey,60
570,Morna,Sprulls,47
571,Clifford,Auten,48
572,Diego,Keating,87
573,Ludvig,Puffett,12
574,Nero,Truwert,93
575,Jilleen,Spadaro,15
576,Avivah,Larrad,82
577,Oona,Spellicy,66
578,Luis,Shallcrass,44
579,Thomas,Wadworth,72
580,Gabie,Scarman,62
581,Bancroft,Dewbury,51
582,Laurel,Springate,87
583,Shae,Tomankiewicz,8
584,Elden,Balas,64
585,Noby,Riquet,81
586,Jaymee,Rosenfield,89
587,Aggi,Esselin,83
588,Brenda,Riccard,56
589,Giusto,Bartelli,67
590,Denny,Webland,30
591,Jamey,Kivlehan,39
592,Elvis,Giacomelli,30
593,Kathy,Suggett,13
594,Cullan,Debow,60
595,Nelie,Aleksashin,53
596,Skip,Edgecombe,19
597,Robinett,Waddington,34
598,Dorena,Sivell,23
599,Prentiss,Heales,55
600,Ofilia,D'Orsay,32
601,Paulie,Cappel,93
602,Mireille,Kemery,12
603,Moyna,Aspy,74
604,Aloise,Gyenes,44
605,Ainslie,Stonary,23
606,Cathee,Sherwill,38
607,Ellwood,Thews,20
608,Atlanta,Hunting,17
609,Kizzie,Stife,38
610,Zacharias,Beauly,4
611,Inglis,Gemmill,65
612,Klara,Capelle,28
613,Corabel,Abotson,52
614,Faber,Goodlake,91
615,Aviva,Gomery,25
616,Sascha,McArdle,31
617,Shara,Aleksashin,72
618,Flor,Thraves,94
619,Mata,Croad,51
620,Sansone,Denty,3
621,Sybille,Byars,4
622,Travis,Jouanot,11
623,Jessica,Pettiford,8
624,Clayton,Tubby,63
625,Isidoro,Baszkiewicz,93
626,Weston,Ottewill,26
627,Nanon,Plumridge,26
628,Sada,Giroldo,6
629,Saw,Baly,89
630,Gabrielle,Rudledge,2
631,Xaviera,Custance,10
632,Wynn,MacKissack,85
633,Cassey,Cleaver,90
634,Simon,Tollemache,50
635,Cathyleen,Winmill,73
636,Salaidh,Klisch,46
637,Latisha,Ridehalgh,11
638,Smith,Byham,56
639,Gayleen,Singleton,54
640,Zondra,Weetch,45
641,Bentley,Flescher,59
642,Piggy,Wilbore,100
643,Palm,Stammler,79
644,Giulia,Barthot,45
645,Ange,Kitman,18
646,Torrence,Aykroyd,62
647,Averell,Wesson,94
648,Stewart,Giorgio,82
649,Sibylla,Aberdeen,62
650,Damien,Charville,78
651,Trevar,Rizzi,21
652,Leontyne,Pensom,41
653,Joby,Akess,47
654,Elisabet,Downe,20
655,Philippa,Lightman,20
656,Rick,Maffia,21
657,Trueman,Antonognoli,45
658,Laurent,Leavold,99
659,Adair,Lorinez,32
660,Zelig,Bogart,94
661,Sal,Morrott,61
662,Lyell,Korf,61
663,Danyette,Strand,83
664,Gill,Weinberg,94
665,Gill,Pembry,4
666,Arron,Minney,41
667,Grannie,Biagi,64
668,Caddric,Bartley,73
669,Evin,Wernher,74
670,Madelina,Pitkaithly,86
671,Gene,Stoad,48
672,Romola,Maren,62
673,Chrissie,Eschelle,99
674,Zena,Carletto,83
675,Lancelot,Gerrell,60
676,Joleen,Whitten,95
677,Lyndsie,Crush,30
678,Mariam,Giorgio,4
679,Nickolas,Fillgate,79
680,Hope,Dionisii,54
681,Ondrea,Ham,65
682,Lucinda,Holborn,67
683,Odelinda,Izakov,72
684,Mellicent,Sargant,83
685,Thurstan,Salman,65
686,Cornie,Kalinsky,92
687,Adelheid,Lee,44
688,Mayne,Brunstan,89
689,Sibella,Vanyukov,95
690,Terrel,Rozet,17
691,Suzi,Matteau,100
692,Bernardo,Kilborn,27
693,Reba,Pieche,44
694,Ingamar,Dyde,26
695,Henderson,Calbaithe,7
696,Em,Grzelczyk,99
697,Trefor,Arboine,92
698,Yance,Digby,87
699,Dianna,Manders,6
700,Arnie,Gravells,21
701,Kristos,Segrott,71
702,Jobi,Elwin,18
703,Jae,Fantini,68
704,Silvia,Blencoe,100
705,Arvy,Sommerfeld,49
706,Emmanuel,Elie,17
707,Maryrose,Hathway,18
708,Andreas,Benedtti,85
709,Barnaby,Traill,46
710,Liliane,Greetland,59
711,Artur,Blabey,9
712,Celka,Cockle,98
713,Blanch,Corriea,3
714,Hugh,Mardy,51
715,Brandy,Stanney,24
716,Tedda,Roscoe,46
717,Ara,Gallanders,42
718,Mitchel,Carbett,10
719,Anni,Arnault,13
720,Ezri,Verillo,22
721,Drusilla,Rany,66
722,Richardo,Leask,97
723,Amelina,Poznanski,27
724,Lodovico,Ribbens,9
725,Melina,Lambis,36
726,Electra,Craig,78
727,Yolanda,Streeton,5
728,Austen,St. Paul,71
729,Corella,Sango,17
730,Mellisent,Capel,97
731,Darell,Soppett,43
732,Nat,Garwell,90
733,Wyatt,De Bischop,74
734,Benedikta,Sowthcote,2
735,Hans,Bladesmith,27
736,Carl,Binge,61
737,Conrad,Dechelette,96
738,Annie,Labuschagne,24
739,Raphaela,Dalbey,26
740,Sauveur,Sheardown,36
741,Bo,Tingcomb,27
742,Hesther,Lapthorn,11
743,Rudy,Reany,82
744,Maury,Bodley,19
745,Kele,Bossel,73
746,Ursula,Salan,20
747,Donia,Sly,85
748,Sargent,Gush,47
749,Ammamaria,Quinevan,92
750,Starla,Tryhorn,59
751,Silvano,Krug,47
752,Donn,Duff,81
753,Ashlin,Sterman,54
754,Linet,Shaw,93
755,Rolland,Barratt,9
756,Batsheva,Nappin,18
757,Monro,Vinter,93
758,Tamara,Durtnell,71
759,Jamaal,Haspineall,67
760,Carmon,Learmond,92
761,Victoir,Shropsheir,87
762,Lyon,Chatband,89
763,Thea,Anstiss,79
764,Gaile,Sherston,87
765,Hector,Cammidge,6
766,Neils,Crookston,26
767,Franciskus,Halifax,75
768,Margeaux,Thursfield,54
769,Deeyn,Iglesias,51
770,Levy,Falkingham,51
771,Adda,Sworne,96
772,Kore,Higounet,9
773,Sterne,Bockler,47
774,Pauly,Esmond,3
775,Barrie,Mabley,75
776,Ellyn,MacTague,12
777,Alfy,Rudolph,78
778,Orren,Fuzzey,36
779,Selene,Goseling,79
780,Kylie,Tibbles,77
781,Ethelbert,Douberday,4
782,Frazer,Goburn,13
783,Vincent,Barkworth,42
784,Hatti,Sheavills,58
785,Rae,Filyaev,57
786,Rayna,Johantges,56
787,Lorin,Vannoort,87
788,Sharlene,McFeat,7
789,Shannon,Dyet,90
790,Mallissa,Brandacci,51
791,Ilise,Kimbling,88
792,Wyatan,Ahren,76
793,Effie,Kale,22
794,Rosabella,Hartropp,42
795,Selina,MacAllaster,33
796,Dacey,Duding,21
797,Vallie,Brimmacombe,66
798,Gherardo,Creighton,65
799,Burke,Roswarne,5
800,Alexina,McCritchie,35
801,Chancey,Hunnable,42
802,Anabella,Playfair,25
803,Dixie,Rignall,24
804,Baron,Atherton,41
805,Berget,Pamplin,82
806,Blanch,Goreway,10
807,Maxine,Binfield,1
808,Yvonne,Peddowe,11
809,Rodge,Folan,84
810,Jobey,Szanto,8
811,Jeffry,Dufour,96
812,Florance,Shwenn,3
813,Clerc,Domenico,1
814,Ramon,Hellicar,1
815,Poul,Cudd,74
816,Bartholomew,Filtness,22
817,Theda,Tomes,86
818,Vernor,Corteis,93
819,Maxy,Wellsman,51
820,Butch,Simonazzi,23
821,Stu,Melhuish,73
822,Heidi,Dreghorn,79
823,Mikael,Toth,15
824,Nanon,Stillwell,4
825,Titos,Bartoszewicz,69
826,Ritchie,Damiata,27
827,Lydon,Ferrieroi,77
828,Madel,Adrian,80
829,Pepi,Corderoy,81
830,Hillyer,Bramont,37
831,Noelani,Vance,76
832,Eugen,Turmall,57
833,Melany,Little,6
834,Calli,Bland,44
835,Dalia,Durrand,13
836,Hubert,Curdell,42
837,Dagny,Piscopello,87
838,Alan,Exrol,33
839,Joelie,Roy,96
840,Pet,Jossum,43
841,Jacquenetta,Lissett,94
842,Arabele,Shovell,69
843,Bobbee,Veale,90
844,Trixie,Rummin,60
845,Tracy,Satchell,58
846,Milly,Ghiriardelli,67
847,Griz,Freestone,35
848,Meir,Cawood,40
849,Buddy,Wickerson,69
850,Niels,Ruddick,96
851,Godfree,Pfeuffer,6
852,Collen,Ivanuschka,86
853,Trever,Ruddiforth,53
854,Nevins,Worboys,91
855,Erina,Goodge,82
856,Findley,Killigrew,1
857,Durante,Alonso,41
858,Anett,Paulusch,13
859,Brynna,Edelmann,76
860,Bee,Dilliway,63
861,Elyse,O' Mahony,95
862,Delinda,Trustey,23
863,Alikee,Peartree,20
864,Berte,Kirtlan,68
865,Pete,Meco,20
866,Garrot,Waything,11
867,Gilberta,McKerton,88
868,Weylin,Drinnan,76
869,Joane,Wittke,12
870,Eldon,Piperley,20
871,Rodrique,Dorre,72
872,Bernadene,Ayrton,15
873,Kimmi,Lonie,92
874,Ardelis,Showt,60
875,Kathi,Dilley,70
876,Perrine,Ertelt,33
877,Heidie,Witt,21
878,Tremaine,Blazejewski,70
879,Viki,Dilley,32
880,Hyatt,Skyme,95
881,Sax,Bunning,39
882,Alli,Creer,62
883,Vaughn,Michell,50
884,Sonnnie,Busst,52
885,Rockie,Enevoldsen,94
886,Gigi,Pearmine,79
887,Phil,Wrates,64
888,Jilleen,Gilliam,84
889,Ira,Chucks,56
890,My,Dibner,39
891,Richie,Braunlein,15
892,Marylinda,Westhofer,67
893,Harp,Downing,10
894,Shurwood,Macewan,83
895,Constantin,Cureton,20
896,Ced,Whittet,88
897,Grissel,Coward,16
898,Nap,Christmas,72
899,Rancell,Archdeckne,89
900,Edlin,Keitley,5
901,Hilde,Cessford,4
902,Nick,Stanistreet,50
903,Rem,Cragg,8
904,Sayre,Thorwarth,21
905,Joleen,Hadingham,59
906,Corbett,Harsent,7
907,Roxane,Paliser,8
908,Zenia,Buckwell,32
909,Gerik,Tilston,22
910,Moyra,Titterington,100
911,Claudetta,Ewence,69
912,Godard,Doniso,13
913,Base,Bister,18
914,Harley,Weall,3
915,Ker,Greeding,86
916,Farley,Shakesbye,90
917,Bride,Clapham,49
918,Cornelle,Champness,13
919,Lanie,Greeveson,60
920,Haywood,Smees,24
921,Sula,Bevington,85
922,Bartholomeo,Huxter,88
923,Marcile,Idiens,98
924,Juliane,Ollis,45
925,Gilligan,Bevar,5
926,Kerianne,Canto,46
927,Tracie,Bruneau,97
928,Romola,Chastagnier,58
929,Vivianne,Westney,96
930,Debbi,O'Spillane,42
931,Ely,Hillin,65
932,Ulric,Phizacklea,62
933,Rosette,Osmant,3
934,Vere,Drillot,34
935,Josh,D'Ambrosio,42
936,Caterina,Kerwen,68
937,Stanislaw,Lissett,37
938,Minnie,Issatt,77
939,Germain,Britner,22
940,Derk,Limpertz,41
941,Thekla,Veschi,7
942,Mina,Mangenet,9
943,Nikolaos,Oxteby,64
944,Elfie,Castro,98
945,Pansie,Philpault,25
946,Agustin,Upcraft,76
947,Aguistin,Ciccarello,20
948,Maje,Sarah,86
949,Tomlin,Hellens,35
950,Neille,Darkott,67
951,Wakefield,Evitts,97
952,Heddi,Covely,36
953,Hilde,Hayto,58
954,Ashlen,Karchewski,21
955,Leelah,Kapelhof,51
956,Cooper,Grave,48
957,Phaedra,Shulver,89
958,Christian,Mea,13
959,Tommie,Sharrard,53
960,Carling,Dowson,92
961,Thane,Millican,75
962,Julie,Searchfield,71
963,Julita,Verdy,15
964,Tatiania,Caville,1
965,Arlen,Lorenzin,67
966,Benn,Mundy,79
967,Ebeneser,Peppard,70
968,Durand,Jurs,23
969,Valentijn,Bruun,46
970,Jami,Murcott,3
971,Danna,Amoss,80
972,Lucien,Diemer,43
973,Lesli,O'Ferris,15
974,Cthrine,Keyte,17
975,Georgette,Baccup,20
976,Katti,Sylett,86
977,Haydon,Nickels,54
978,Peter,Paske,45
979,Malcolm,Blythe,55
980,Salomi,Lacaze,85
981,Joleen,Rawstorne,25
982,Shara,Dimblebee,15
983,Izzy,Fyrth,61
984,Camile,Penketh,83
985,Erhart,Salmon,73
986,Erskine,Brendish,32
987,Christoper,Grigori,15
988,Kennie,Bagnal,57
989,Bradney,Worden,23
990,Rourke,Copland,6
991,Julia,Illidge,20
992,Nahum,Titherington,67
993,Gates,Raywood,10
994,Matti,Pettet,5
995,Paco,Holcroft,50
996,Flint,Endricci,45
997,Bronson,Riveles,21
998,Fayette,Heustace,81
999,Erinna,Verbruggen,92
1000,Andy,Lowdyane,31
